,Primary Satellite Name,Secondary Satellite Name(s),Position,NORAD ID,Beacons
0,H2SAT,HEINRICH HERTZ, 0° E (0.5° E),57213," 2285.973, 10951 RHCP, 10953.5 V, 20199.7 LHCP"
1,BULGARIASAT-1,, 2° E (1.9° E),42801,  
2,EUTELSAT 3B,E3B, 3° E (3° E),39773," 11200.2, 11699.8 RHCP or LHCP"
3,EUTELSAT KONNECT VHTS,, 3° E (3° E),53765," 11701.60 RHCP, 11704.00 RHCP, 11698.20 RHCP, 11699.00 RHCP"
4,RASCOM 1R,RASCOM-QAF 1R, 3° E (2.8° E),36831,  
5,ASTRA 4A,SIRIUS 4, 5° E (4.8° E),32299," 11702.5V, 12498.5H"
6,SES-5,"SIRIUS 5, ASTRA 4B", 5° E (5° E),38652," 3623V, 11698.25, 11699.875, 11700.25, 11703.30"
7,EUTELSAT 7B,"E7B, EUTELSAT 3D, E3D, W3D, EUTELSAT W3D", 7° E (7° E),39163," 11201.4H, 11698.6H, 12500.5H"
8,EUTELSAT 7C,, 7° E (7° E),44334," 11199.0, 11200.6, 11698.2, 11699.0 LHCP"
9,EUTELSAT KONNECT,BB4A, 7° E (7.2° E),45027," 11701.6 LHCP, 11704 LHCP"
10,EUTELSAT 9B,"E9B, EDRS-A", 9° E (9° E),41310,  
11,EUTELSAT KA-SAT 9A,"KASAT, KA-SAT", 9° E (9° E),37258," 19680H, 11700.4H, 11701.6H"
12,EUTELSAT 10A,"E10A, W2A, EUTELSAT W2A", 10° E (10° E),34710," 10950.20H, 11699.82H, 12501.00H, 12501.50V"
13,ECHOSTAR 21,"ECHOSTAR T2, TERRESTAR 2", 10° E (10° E),42749," 18.697 RHCP, 18.699 RHCP"
14,EUTELSAT 10B,E10B, 10° E (10° E),54259,  
15,INMARSAT GX5,"INMARSAT 5F5, I5F5, GX5", 11° E (11° E),44801,  
16,EUTELSAT HOT BIRD 13F,"EUTELSAT HOT BIRD 13F, HB13F", 13° E (13° E),54048,  
17,EUTELSAT HOT BIRD 13G,"EUTELSAT HOT BIRD 13G, HB13G", 13° E (13° E),54225," 11702.4, 11705.3, 12501.0, 12502.4"
18,EUTELSAT HOT BIRD 13B,"HB13B, HB8, EUTELSAT HOT BIRD 8, EUTELSAT HOT BIRD 8", 13° E (13° E),29270," 11699.8H, 11701H, 12500V, 12500.5H"
19,EUTELSAT HOT BIRD 13E,"HB13E, EUTELSAT 9A, E9A, EUROBIRD 9A, HOT BIRD 7A, HOT BIRD 7A", 13° E (13° E),28946," 11702.8H, 11704H, 12500H"
20,EUTELSAT 16A,"E16A, W3C, EUTELSAT W3C", 16° E (16° E),37836, 21401H
21,AMOS-17,, 17° E (17° E),44479," 11449.0, 11699.5 LHCP"
22,ASTRA 1N,, 19° E (19.2° E),37775,  
23,ASTRA 1L,, 19° E (19.2° E),31306,  
24,ASTRA 1KR,, 19° E (19.2° E),29055,  
25,ASTRA 1G,, 19° E (19° E),25071,  
26,ASTRA 1M,, 19° E (19.2° E),33436,  
27,ARABSAT-5C,, 20° E (20° E),37810,  
28,EUTELSAT 21B,"E21B, W6A, EUTELSAT W6A", 21° E (21.5° E),38992,  
29,GOVSAT-1,SES-16, 21° E (21.4° E),43178, 7748.5 LHCP
30,ASTRA 3B,, 23° E (23.5° E),36581, 11702.5 V
31,ASTRA 5B,HYLAS 2B, 23° E (23.5° E),39617," 11708.5V, 12490.0H"
32,ANGOSAT 2,, 23° E (23° E),54033, 3401.14 RHCP
33,SKYNET 5B,, 24° E (24.5° E),32294,  
34,ALPHASAT I-XL,"INMARSAT XL, INMARSAT-4AF4", 25° E (25° E),39215," 3949.0 LHCP 3951.0 RHCP, 19701"
35,ES'HAIL 2,, 25° E (25.5° E),43700,  
36,ES'HAIL 1,"EUTELSAT 25B, E25B, EUROBIRD 2A", 25° E (25.5° E),39233,  
37,BADR-4,ARABSAT-4B, 26° E (26° E),29526," 12497H, 12499V, 17302V, 17306H, 12748V, 12750H"
38,BADR-6,"ARABSAT-4C, ARABSAT 4AR", 26° E (26° E),33154," 3701.1L, 4199.9R, 11700.2H/V"
39,BADR-5,ARABSAT-5B, 26° E (26° E),36592," 11699.20H, 11699.00V"
40,BADR-7,ARABSAT-6B, 26° E (26° E),41029,  
41,BADR-8,ARABSAT-7B, 26° E (26° E),56757," 11197.0, 11202.5"
42,ASTRA 2F,, 28° E (28.2° E),38778,  
43,ASTRA 2E,, 28° E (28.2° E),39285,  
44,ASTRA 2G,, 28° E (28.2° E),40364,  
45,XTAR-EUR,XTAR-EU, 29° E (29° E),28542, 7251R
46,ARABSAT-6A,, 31° E (30.5° E),44186," 11198, 11199 (CP), 11696, 11698"
47,HYLAS 3,"EDRS-C, CONDOSAT", 31° E (31° E),44475,  
48,TÜRKSAT 5A,, 31° E (31° E),47306," 11696, 11686.5, 11705, 11698.6, 11699.4, 10950.2"
49,ARABSAT-5A,, 31° E (30.5° E),36745," 3705.1L, 4191R, 10706, 12749V/H, 12706V/H"
50,HYLAS 2,, 31° E (31° E),38741," 4198 RHCP, 4199 RHCP"
51,GALAXY 14,G-14, 33° E (33° E),28790," 4198L, 4199.875L"
52,EUTELSAT 33E,"E33E, EUTELSAT HOT BIRD 13D, EUTELSAT 3C, E3C, HOT BIRD 10, HOT BIRD 10, HB-10, AB-4A, ATLANTIC BIRD 4A", 33° E (33° E),33750," 12501H, 11702.4H"
53,INTELSAT 28,INTELSAT NEW DAWN, 33° E (32.8° E),37392," 3947.5 RHCP, 3952.5 RHCP"
54,EUTELSAT 36B,"E36B, W7, EUTELSAT W7", 36° E (36° E),36101," 12501.5H, 12500.5V, 11701.2H, 10950.2H"
55,EXPRESS-AMU1,EUTELSAT 36C, 36° E (36° E),41191," 11700.20H, 11702.5H, 12500.0V, 19690.00H"
56,PAKSAT-1R,, 38° E (38° E),37779,  
57,ATHENA-FIDUS,, 38° E (37.8° E),39509,  
58,HELLAS SAT 3,"HS 3, INMARSAT-S EAN, EUROPASAT", 39° E (39° E),42814,  
59,HELLAS SAT 4,"HS 4, SAUDIGEOSAT 1", 39° E (39° E),44034," 3704.25, 4199"
60,EXPRESS-AM7,"EKSPRESS-AM7, ЭКСПРЕСС АМ7", 40° E (40° E),40505," 3800LHCP, 3801RHCP"
61,TÜRKSAT 4A,, 42° E (42° E),39522," 12498.5 RHCP, 12499.5 RHCP"
62,TÜRKSAT 5B,, 42° E (42° E),50212,  
63,TÜRKSAT 3A,TÜRKSAT 3A, 42° E (42° E),33056, 7410L
64,NIGCOMSAT 1R,, 42° E (42.5° E),38014," 3694.14R, 3696.84L"
65,THURAYA 2,, 44° E (44° E),27825,  
66,AZERSPACE 2,INTELSAT 38, 45° E (45° E),43632," 12745.0, 12745.5, 12748.25, 12748.75 CP"
67,AZERSPACE,AFRICASAT 1A, 46° E (46° E),39079," 4195.0 RHCP, 4196.3 RHCP"
68,AL YAH 2,"YAHSAT 1B, Y1B", 48° E (47.5° E),38245,  
69,EUTELSAT QUANTUM,, 48° E (48° E),49056," 11698.8V, 11699.8H"
70,GSAT-19,GSAT-19E, 48° E (47.8° E),42747," 4186.848, 4190.976"
71,GSAT-31,, 48° E (47.9° E),44035," 4188.768 LHCP, 4196.928 LHCP"
72,YAMAL 601,ЯМАЛ-601, 49° E (49° E),44307,  
73,TÜRKSAT 4B,, 50° E (50° E),40984," 11450.5H, 11698.6V(R), 11699.4H(R)"
74,BELINTERSAT-1,, 51° E (51.5° E),41238," 4194.0RHCP, 4195.6LHCP, 11194V, 11197H, 11445H"
75,TURKMENALEM,"TURKMENÄLEM 520E, TURKMENSPACE 1, TURKMENSAT-1, MONACOSAT", 52° E (52° E),40617," 11201, 11449"
76,HYLAS 1,"HYLASONE, HYLAS ONE", 52° E (51.7° E),37237," 11701.008 V/LHCP, 11702.808 V/RHCP"
77,EXPRESS-AM6,"EKSPRESS AM6, EAM6, EUTELSAT 53A, E53A", 53° E (53° E),40277," 3850 RHCP, 3850.5 LHCP, 11199.5 RHCP, 18565 RHCP, 19690 LHCP"
78,AL YAH 1,"YAHLIVE, Y1A, YAHSAT Y1A, YAHSAT 1A", 53° E (52.5° E),37393," 20201, 20202"
79,SKYNET 5D,, 53° E (52.7° E),39034, 7492.2L
80,GSAT-16,, 55° E (55° E),40332,  
81,GSAT-29,, 55° E (55° E),43698,  
82,GSAT-8,INSAT-4G, 55° E (55° E),37605, 11699.5V
83,YAMAL 402,"YAMAL 400 KA-2, ЯМАЛ-402", 55° E (54.9° E),39022," 11459.5RHCP, 12500RHCP"
84,EXPRESS-AT1,, 56° E (56° E),39612," 11704, 11704.5"
85,INMARSAT GX4,"INMARSAT 5F4, I5F4, GX4", 56° E (56.5° E),42698," 4199.0, 4199.5 V or LHCP"
86,ASTRA 2A,, 57° E (57.2° E),25462," 11694.5 H or R, 11706 V or R"
87,NSS-12,, 57° E (57° E),36032," 3948, 3950, 3952.5"
88,KAZSAT-3,, 58° E (58.5° E),39728, 11199.5R
89,INTELSAT 33E,, 60° E (60° E),41748," 4197.25, 4197.75, 4198.25, 4198.75"
90,ABS-4,"ABS-2I, MOBISAT-1, MBSAT 1", 61° E (61° E),28184,  
91,INTELSAT 39,IS-39, 62° E (62° E),44476," 3948.5, 3949, 3953, 3953.5, 3951, 10951.0R, 11699.5R"
92,INMARSAT GX1,"INMARSAT 5F1, I5-IOR, GX1", 63° E (63° E),39476," 4199V, 4199L,4199.5V, 4199.5L, 19700.5R, 19700.5L, 19702.5R, 19702.5L"
93,INTELSAT 906,IS-906, 64° E (64.15° E),27513," 3947.5RHCP, 3948.0RHCP, 3950.0V, 3952.0RHCP, 3952.5RHCP, 11198RHCP, 11452RHCP"
94,AMOS-4,, 65° E (65° E),39237,  
95,INTELSAT 17,IS-17, 66° E (66° E),37238," 3947.5 RHCP, 3952.5 RHCP"
96,INTELSAT 20,IS-20, 69° E (68.5° E),38740," 3694R, 11198R, 11699.5R, 12749R, 12746.5V, 12747.0V, 12748.0V, 12748.5V, 12746.5L, 12747.0L, 12748.0L, 12748.5L"
97,INTELSAT 36,, 69° E (68.5° E),41747," 3652.0, 3652.5, 3653.5, 3654.0, 3650.5R, 11200.5R, 12496R"
98,EUTELSAT 70B,"E70B, W5A, EUTELSAT W5A", 70° E (70.5° E),39020,  
99,INTELSAT 22,IS-22, 72° E (72.1° E),38098," 4197.25L, 4197.75L, 4198.25L, 4198.75L, 4197.25V, 4197.75V, 4198.25V, 4198.75V"
100,GSAT-7,"INSAT-4F, RUKMINI", 74° E (74° E),39234," 4186.848L, 4189.344L"
101,GSAT-11,, 74° E (74° E),43824," 4194.864, 4198.560, 10701 H/V, 12750 RHCP, 19701.5 H/V"
102,GSAT-14,, 74° E (74° E),39498," 4195.776, 4199.28"
103,GSAT-18,, 74° E (74° E),41793," 4187.52L, 4188.768L"
104,ABS-2A,MONGOLSAT-1, 75° E (75° E),41588," 12747L, 12749L"
105,ABS-2,"ST 3, KOREASAT 8, CONDOSAT 2", 75° E (75° E),39508," 4183.25 L or H, 4184.25 L or V, 11200L, 11700R, 12500R"
106,APSTAR 7,, 76° E (76.5° E),38107," 3626.3V, 4199.3H, 11699.8L, 12251R"
107,THAICOM 6,AFRICOM 1, 79° E (78.5° E),39500," 4185.0, 4185.6 LHCP"
108,THAICOM 8,, 79° E (78.5° E),41552," 4196 LHCP, 4197 LHCP"
109,EXPRESS 80,, 80° E (80° E),45986, 3405.72 RHCP
110,GSAT-30,, 83° E (83° E),45026," 4195.776, 4199.28"
111,GSAT-12R,CMS-01, 83° E (83° E),47256,  
112,GSAT-24,CMS-02, 83° E (83° E),52903,  
113,GSAT-10,, 83° E (83° E),38779," 4187.520 LHCP, 4190.976 LHCP, 11698.5 H"
114,GSAT-6,INSAT-4E, 83° E (83° E),40880," 4194L, 4197.504L"
115,INMARSAT-6 F1,"INMARSAT GX 6A, I6-F1, GX6A", 84° E (83.8° E),50319,  
116,INTELSAT 15,"IS-15,-JCSAT 85", 85° E (85.2° E),36106," 11698, 11699"
117,KAZSAT-2,, 86° E (86.5° E),37749, 11199.5R
118,ST 2,, 88° E (88° E),37606," 3695.75V, 11196.0V, 11450.25H, 12500.25H"
119,CHINASAT 12,"ZX-15A, CHINASAT 15A, ZX-12, APSTAR 7B, SUPREMESAT 1", 88° E (87.5° E),39017," 3701.6V, 4199.3H, 11699.8L, 12251R"
120,YAMAL 401,"YAMAL 400 KA-1, ЯМАЛ-401", 90° E (90° E),40345," 3448.4R, 3770"
121,MEASAT-3A,MEASAT-1R, 91° E (91.5° E),35362," 4185H, 4186H, 12200H, 12200V "
122,MEASAT-3B,JABIRU 2, 91° E (91.5° E),40147," 4189.0, 4192.5"
123,MEASAT-3D,, 91° E (91.5° E),52904,  
124,CHINASAT 9,"ZHONGXING-9, ZX-9, 中星9", 92° E (92.2° E),33051," 12199 LHCP, 11701 RHCP"
125,GSAT-15,, 93° E (93.5° E),41028," 11697.5 H, 11698.5 V, 4198.272L, 4199.28L"
126,JCSAT-16,, 93° E (93° E),41729," 12201.5H, 12203.5H"
127,GSAT-17,, 93° E (93.5° E),42815," 4195.776L, 4197.504L"
128,SES-8,, 95° E (95° E),39460," 12248.5, 11198.5"
129,LUCH 5V,"LOUTCH-5V, ЛУЧ-5В", 95° E (95° E),39727,  
130,SKYNET 5A,, 95° E (95.2° E),30794," 2227.5R, 2252.5R, 2259.5R, 7494L"
131,SES-12,, 95° E (95° E),43488," 11449.5, 11703.5"
132,EXPRESS 103,, 96° E (96.5° E),45985, 3404.78 RHCP
133,GSAT-9,SOUTH ASIA SATELLITE, 97° E (97° E),42695," 4194.0 LHCP, 4197.504 LHCP"
134,CHINASAT 11,, 98° E (98° E),39157,  
135,THURAYA 3,, 98° E (98.5° E),32404,  
136,ASIASAT 5,, 101° E (100.5° E),35696," 4198, 4199"
137,CHINASAT 9B,"ZHONGXING 9B, ZX 9B", 101° E (101.4° E),49125,  
138,EXPRESS-AMU3,, 103° E (103° E),50002,  
139,ASIASAT 7,ASIASAT 5C, 105° E (105.5° E),37933," 4199.25H, 4199.85H, 12749.30H"
140,ASIASTAR 1,ASIASTAR, 105° E (105° E),26107,  
141,SES-7,"PROTOSTAR 2, INDOSTAR 2, GALAXY 8IR, CAKRAWARTA 2, PROTOSTAR II", 108° E (107.7° E),34941," 11451, 11452"
142,SES-9,, 108° E (108° E),41380," 11199.5 RHCP, 11702.5 RHCP, 12246.5 RHCP"
143,TELKOM 4,MERAH PUTIH, 108° E (108° E),43587," 4199.875, 3701.75"
144,CHINASAT 16,"ZHONGXING 16, ZX-16, SHIJIAN 13, SJ-13, 实践十三", 110° E (110.5° E),42662,  
145,BSAT-3A,, 110° E (109.7° E),32019,  
146,JCSAT-110A,JCSAT-15, 110° E (110° E),41903," 12201 H or R, 12203 H or R"
147,BSAT-4A,, 110° E (110° E),42951," 11702.9 LHCP, 11704.3 LHCP"
148,BSAT-4B,, 110° E (110° E),46112,  
149,BSAT-3B,, 110° E (109.6° E),37207, 11707.1
150,CHINASAT 10,"ZHONGXING-10, ZX 10, SINOSAT 5, XINNUO 5, 中星10号, SUPREMESAT", 110° E (110.5° E),37677," 4191V, 4188H"
151,BSAT-3C,JCSAT-110R, 110° E (110° E),37776, 11707.5
152,KOREASAT 5,MUGUNGWHA 5, 113° E (113° E),29349," 12250.5H, 12749.5V"
153,KOREASAT 5A,"MUGUNGWHA 5A, HAYASAT", 113° E (113° E),42984," 12252.5, 12747.5"
154,CHINASAT 6E,ZX 6E, 115° E (115.5° E),58253,  
155,KOREASAT 7,MUGUNGWHA 7, 116° E (115.9° E),42691," 12250.1, 12749.9 (V, H, and CP)"
156,CHINASAT 6B,"ZHONGXING 6B, 中星6B", 116° E (115.5° E),31800," 3701V, 4199H"
157,KOREASAT 6,OLLEH 1, 116° E (116° E),37265,  
158,TELKOM 3S,, 118° E (118° E),41944," 3700.5, 4199.61"
159,BANGABANDHU-1,"BD-1, BS-1", 119° E (119.1° E),43463," 3703.0, 4199.8 CP"
160,THAICOM 4,"IPSTAR-1, MEASAT 5", 119° E (119.5° E),28786," 11451, 11453, 20199.827 H"
161,ASIASAT 6,THAICOM 7, 120° E (120° E),40141," 4198.75LHCP, 4199.85LHCP"
162,ASIASAT 9,, 122° E (121.6° E),42942," 4198.65, 4199.65 H or LHCP"
163,JCSAT-4B,JCSAT-13, 124° E (123.95° E),38331,  
164,CHINASAT 6D,ZX 6D, 125° E (125° E),52255,  
165,CHINASAT 26,"ZHONGXING 26, ZX-26", 125° E (125° E),55686,  
166,LAOSAT 1,APSTAR L, 128° E (128.5° E),41034," 3695H, 3699V, 3717H, 10946H, 10948V"
167,JCSAT-3A,JCSAT-10, 128° E (128° E),29272," 3930H, 3930V, 12248.5H, 12747.2V"
168,COMS 1,CHOLLIAN, 128° E (128.2° E),36744,  
169,CHINASAT 6C,ZX-6C, 130° E (130° E),44067,  
170,JCSAT-5A,"JCSAT-9, N-STAR D", 132° E (132° E),29045," 4199.6H, 12249H, 12747.4V, 12748.5V, 12748.5H, 12749.5V, 12749.5H"
171,VINASAT-1,, 132° E (132° E),32767," 3696.5V, 3698.5V, 11699H"
172,JCSAT-RA,JCSAT-12, 132° E (132° E),35755," 4199.55, 12248.5, 12747.2, 12748.35, 12749.75"
173,VINASAT-2,, 132° E (131.8° E),38332," 3694.5V, 3695.5V"
174,APSTAR 6C,, 134° E (134° E),43450,  
175,APSTAR 6D,SHENZHEN STAR, 134° E (134° E),45863,  
176,JCSAT-17,, 136° E (136° E),45245,  
177,TELSTAR 18V,"TELSTAR 18 VANTAGE, APSTAR 5C", 138° E (138° E),43611," 3623 L or V, 3625 L or V, 4199 L or H"
178,EXPRESS-AT2,, 140° E (140° E),39613," 11705, 11705.5 "
179,NBN-CO 1A,"SKY MUSTER 1, SKYMUSTER I", 140° E (140° E),40940," 19341, 19343"
180,EXPRESS-AM5,"EKSPRESS AM5, EAM5", 140° E (140° E),39487," 3850 RHCP, 3850.5 LHCP, 11199.5 RHCP, 18565 RHCP, 19690 LHCP"
181,APSTAR 9,MYSAT 1, 142° E (142° E),40982," 3402V, 3627V, 4199.2H"
182,INMARSAT-4F2,"INMARSAT 4-F2, I4F2, IND-W", 143° E (143.5° E),28899,  
183,SUPERBIRD C2,SUPERBIRD 7, 144° E (144° E),33274," 12250 V, 12749.75 V, 12199 V, 12252 H, 12255 H, 12254 V"
184,NBN-CO 1B,"SKY MUSTER 2, SKYMUSTER II", 145° E (144.9° E),41794," 19345L, 19347L"
185,EXPRESS-AMU7,, 145° E (145° E),50001,  
186,PSN-6,"PSN-VI, NUSANTARA SATU", 146° E (146° E),44048," 4196, 4198 RHCP,V,H"
187,BRISAT,, 150° E (150.4° E),41591," 4193.5 LHCP, 4195.5 LHCP"
188,JCSAT-1C,"KACIFIC-1,-JCSAT 18, N-SAT-Y12-150E", 150° E (150° E),44868," 12748.5, 12749.5 RHCP"
189,OPTUS D2,, 152° E (152° E),32252," 12243.75H, 12245.75H"
190,JCSAT-2B,JCSAT-14, 154° E (154° E),41471," 4199.375H, 11451H, 12748V"
191,OPTUS 10,, 156° E (156° E),40146," 12233.5R, 12235.5R, 12237.5R"
192,OPTUS C1,DEFENCE C1, 156° E (156° E),27831," 12747.75H, 12748.75H"
193,OPTUS D3,, 156° E (156° E),35756," 12239.25V, 12241.25V"
194,INTELSAT 1R,"IS 1R, PAS 1R", 157° E (157° E),26608," 11696H/V/L, 11697H/V/L"
195,ABS-6,"ABS-1, LMI 1, CONDOSAT 1", 159° E (159° E),25924," 3400.5V, 3999.5H, 12500.5V, 12749.5H "
196,OPTUS D1,, 160° E (160° E),29495," 12243.25H, 12245.25H"
197,SUPERBIRD B3,"SUPERBIRD 8, DSN-1, KIRAMEKI 1", 162° E (162° E),43271,  
198,CHINASAT 19,"ZHONGXING 19, ZX-19", 163° E (163° E),54230,  
199,YAMAL 202,"YAMAL 200 KA-2, ЯМАЛ-202", 163° E (163.5° E),28089,  
200,INTELSAT 5,"PAS-5, ARABSAT 2C, BADR C", 166° E (166° E),24916," 11451 H/V/R, 11452 H/V/R, 11454 H/V/R"
201,INTELSAT 19,IS-19, 166° E (166° E),38356," 12253.5V, 12254V, 12256V, 12256.5V, 12253.5L, 12254L, 12256L, 12256.5L, 3700.5H, 4199.5V, 12257R"
202,LUCH 5A,"LOUTCH-5A, ЛУЧ-5А", 167° E (167° E),37951,  
203,HORIZONS-3E,, 169° E (169° E),43633," 4197.75, 4198.25, 4198.75, 4199.25, 4199.75, 11451.00R, 12200.25R"
204,EUTELSAT 172B,, 172° E (172° E),42741," 11200.6, 12250.1 CP, 4198.9H, 4199.9V, 19202 RHCP"
205,EUTELSAT 174A,"ES-174A,-ES-172A, AMC 23, WORLDSAT 3, AMC 13, GE 2I, GE 23", 174° E (174° E),28924," 3703.5H, 4199.5V, 11451.5H, 11698.5V, 12251.5H, 12748.5V"
206,NSS-11,"AAP 1, GE 1A, WORLDSAT 1", 176° E (176° E),26554," 12250.5, 12251.5, 12749.5"
207,INTELSAT 10,"IS 10, PAS 10", 178° E (178° E),26766," 11699V, 12749.5H"
208,INMARSAT-4F1,"INMARSAT 4-F1, I4F1, PAC-W", 178° E (178.2° E),28628,  
209,INTELSAT 18,IS-18, 180° E (180° E),37834," 3947.5 RHCP, 3950.0 V, 3952.5 RHCP, 11198 RHCP, 11452 RHCP, 12502 RHCP "
210,INMARSAT GX3,"INMARSAT 5F3, I5-POR, GX3", 180° E (179.6° E),40882,  
211,NSS-9,, 177° W (177° W),33749," 3951.5R, 3952R, 3952.5R, 3944.75L"
212,YAMAL 300K,ЯМАЛ-300К, 177° W (177° W),38978," 3850, 11451.0 H, 11459.5 RHCP"
213,NSS-6,, 169° W (169.5° W),27603," 11198H, 11199.5H"
214,EUTELSAT 139 WEST A,"E139WA, E12WD, E31B, E7A, W3A, EUTELSAT W3A", 139° W (139° W),28187," 11200H, 11699.8H, 11700.4H, 12500.5H, 21404"
215,AMC-6,"GE 6, RAINBOW 2", 139° W (139° W),26580," 3700.5H, 4199.5V, 12198V, 11702H"
216,SPACEWAY 2,SPACEWAY F2, 139° W (139° W),28903," 19700.25, 19701.75"
217,SES-22,, 135° W (135° W),52933," 4197.3, 4199.5"
218,GALAXY 33,GALAXY-15R, 133° W (133° W),54026," 4198.75, 4199.75"
219,SES-21,, 131° W (131° W),53961,  
220,GALAXY 34,GALAXY 12R, 129° W (129° W),54027," 4198.25 RHCP, 4199.25 RHCP"
221,GALAXY 12,"GALAXY XII, G-12", 129° W (129° W),27715," 4198, 4199.875"
222,CIEL-2,CIEL-II, 129° W (129° W),33453," 12205, 12209, 12692.5, 12698.5"
223,SES-15,, 129° W (129.15° W),42709," 3700.2, 10700.5, 12199.5 (V, H, or LHCP)"
224,GALAXY 37,HORIZONS-4, 127° W (127° W),57493," 4199.95, 12199.95"
225,HORIZONS-1,"GALAXY 13, LINKSTAR 4, GALAXY XIII", 127° W (127° W),27954," 4198.5V, 4199.5V, 11702V, 12199H"
226,AMC-21,, 125° W (125° W),33275," 11702V, 12198H"
227,GALAXY 30,GALAXY 14R, 125° W (125° W),46114," 3700.25, 4197.5, 4198.5"
228,GALAXY 18,G-18, 123° W (123° W),32951," 4197.125R(V), 4198.875R(V), 11701H, 12195V"
229,GALAXY 23,"G-23, IA-13, TELSTAR 13, ECHOSTAR 9", 121° W (121° W),27854," 3700.5H, 4199.5V, 11705.5, 12198"
230,GALAXY 31,"GALAXY 23R, PACSTAR-L4", 121° W (121.1° W),54243," 4197.25, 4197.75, 4197.80, 4199.00"
231,ANIK F3,, 119° W (118.7° W),31102," 11701.75H, 11702.25"
232,DIRECTV 8,AT&T T8, 119° W (119° W),28659," 12203.25L, 12203.75L"
233,ECHOSTAR 14,ECHOSTAR XIV, 119° W (119° W),36499," 12692R, 12698.5R"
234,EUTELSAT 117 WEST A,"E117WA, SATMEX 8", 117° W (116.8° W),39122," 3700.5, 4198.6V, 4199.4V, 11700.5V, 12199.3H"
235,EUTELSAT 117 WEST B,"E117WB, SATMEX 9", 117° W (117° W),41589," 4198.2, 4199.8 LHCP"
236,SIRIUS FM-6,RADIOSAT 6, 116° W (116.15° W),39360," 2321.5R, 2322.0R, 2330.5R, 2331.0R"
237,MEXSAT BICENTENARIO,MEXSAT 3, 115° W (114.9° W),39035," 3673, 3675"
238,EUTELSAT 115 WEST B,"E115WB, SATMEX 7", 115° W (114.9° W),40425," 4199LHCP, 4199.8LHCP, 11199.8V, 12501H, 12502H"
239,XM-5,SIRIUS XM-5, 115° W (114.5° W),37185," 2336.7R, 2334.0R, 2337.2R, 2342.5R"
240,VIASAT-1,"VS-1,-VIASAT-IOM", 115° W (115° W),37843," 18797L, 18799L"
241,MEXSAT 2,MORELOS 3, 113° W (113° W),40946,  
242,WILDBLUE-1,"KASTAR 1, ISKY 1, WB-1", 111° W (111.1° W),29643," 3701.5V, 4198.0H, 20196L, 20199.5L"
243,ANIK F4,"AMC-11, GE 11", 111° W (111° W),28252," 3700.5H, 4199.5V"
244,ANIK F2,CANSAT KA-4, 111° W (111.1° W),28378," 12198.75V, 12199.733V, 12198.75R, 12199.733R, 20199H"
245,ECHOSTAR T1,"TERRESTAR 1, CANSAT-24", 111° W (111.1° W),35496," 11448 RHCP, 11449.5, 11200.5"
246,ECHOSTAR 10,ECHOSTAR X, 110° W (110° W),28935," 12201V, 12696.5V, 12699.5V"
247,DIRECTV 5,"AT&T T5, TEMPO 1", 110° W (110° W),27426," 12201L, 12202L"
248,ECHOSTAR 11,ECHOSTAR XI, 110° W (110° W),33207," 12206 LHCP, 12692 RHCP, 12693 RHCP"
249,ECHOSTAR 23,ECHOSTAR XXIII, 110° W (109.9° W),42070," 12369.8, 12205, 11448, 11449, 12207 LHCP, 12208 LHCP"
250,ANIK F1,, 109° W (109.2° W),26624," 11700.25H, 11700.75H"
251,ANIK F1R,, 107° W (107.3° W),28868," 12198.90V, 12199.90V"
252,ECHOSTAR 17,"JUPITER 1, SPACEWAY 4", 107° W (107.1° W),38551," 19700.5R, 19702.5R"
253,ANIK G1,, 107° W (107.3° W),39127," 11701.75H, 11702.75H"
254,AMSC 1,MSAT 2, 107° W (106.7° W),23553," 11700.5 H/V, 11701 V, 10751 V, 10753 V,"
255,SES-11,ECHOSTAR 105, 105° W (105° W),42967," 3701.5H, 4199.9V, 11703H, 12198.5V"
256,AMC-15,, 105° W (105° W),28446," 11702H, 12198V, 18582R"
257,DIRECTV 10,AT&T T10, 103° W (102.8° W),31862," 18300.25 LHCP, 18300.75 LHCP"
258,DIRECTV 12,"AT&T T12, RB-2A", 103° W (102.8° W),36131," 18302.25 LHCP, 18302.75 LHCP"
259,SES-3,"OS-2,-AMC 1R", 103° W (103° W),37748," 3700.5, 4199.5, 11701, 12199"
260,DIRECTV 15,AT&T T15, 103° W (102.8° W),40663," 20198.5, 20199.55"
261,SES-20,, 103° W (103° W),53960,  
262,DIRECTV 16,AT&T T16, 101° W (101° W),44333," 12697R, 12698R "
263,DIRECTV 9S,"AT&T-T9S, USABSS-21", 101° W (101° W),29494," 12695.5 RHCP, 12696.5 RHCP"
264,SES-1,"AMC-4R, AMC 4R, AMC 5RR, OS-1", 101° W (101° W),36516," 3700.5H, 4199.5V, 11701.0V, 12199.0H"
265,SKYTERRA 1,, 101° W (101° W),37218," 11201R/L, 11202R/L, 11448.75R, 11446.25L"
266,GALAXY 16,G-16, 99° W (99° W),29236," 4196, 4197, 11701, 12195"
267,DIRECTV 11,AT&T T11, 99° W (99° W),32729," 18300.25 LHCP, 18300.75 LHCP, 18301.25 LHCP, 18301.75 LHCP, 18302.25 LHCP, 18302.75 LHCP"
268,DIRECTV 14,"AT&T T14, DIRECTV BSS-99W, RB-1", 99° W (99° W),40333," 18799L, 18799.5L"
269,INMARSAT-4F3,"INMARSAT 4-F3, I4F3, PAC-E", 98° W (97.65° W),33278, 29250.0000 - 29260.0000
270,GALAXY 19,"G-19, INTELSAT AMERICAS-9, IA-9", 97° W (97° W),33376," 3700.5H, 4199.5V, 3709, 4191, 12197.5, 12198, 11702, 11702.5"
271,ECHOSTAR 19,"JUPITER 2, SPACEWAY 5, ECHOSTAR 97", 97° W (97.2° W),41893," 19701, 10703, 20199"
272,INTELSAT 30,"ISDLA-1, DLA 1", 95° W (95.1° W),40271," 11198.0 V, 11198.5 V , 11199.25 V, 11199.75 V, 11198.0 RHCP, 11198.5 RHCP, 11199.25 RHCP, 11199.75 RHCP"
273,INTELSAT 31,DLA 2, 95° W (95.1° W),41581," 11194.25/11195.5, 11196.25/11196.75 RHCP, V"
274,GALAXY 3C,G-3C, 95° W (95° W),27445," 11704V, 12199H"
275,SPACEWAY 3,SPACEWAY F3, 95° W (95° W),32018," 19700.25, 19701.75"
276,GALAXY 35,GALAXY 3CR, 95° W (95° W),54741," 4195.40, 4196.60, 4196.75, 4198.25
"
277,ECHOSTAR G1,"ICO G1, DBSD G1", 93° W (93° W),32763," 3701H, 4196V, 20199L"
278,GALAXY 11,G-11, 93° W (93.1° W),26038," 11701V, 11702V, 11701LHCP, 11702LHCP"
279,NIMIQ 6,, 91° W (91° W),38342,  
280,GALAXY 32,GALAXY 17R, 91° W (91° W),54244," 4197.80, 4199.00"
281,INTELSAT 40E,TEMPO, 91° W (91° W),56174," 10950.25R, 10950.75R, 10951.25R, 10951.75R, 10952.25R, 11700.5, 12199.5, 20199"
282,GALAXY 28,"G-28, TELSTAR 8, INTELSAT AMERICAS 8, IA 8", 89° W (89° W),28702," 4195.0 H/V, 4199.5 H/V, 11702H, 12198 H/V, 20199.8 H"
283,GALAXY 36,GALAXY 28R, 89° W (88.9° W),54742," 4197.50, 4197.80, 4199.00"
284,SES-2,"AMC-5R, AMC 26", 87° W (87° W),37809," 3700.5V, 4199.5H, 11701.0V, 12199.0H"
285,TUPAC KATARI 1,"TKSAT-1, TUPAC KATARI SAT 1", 87° W (87.2° W),39481,  
286,SIRIUS FM-5,RADIOSAT 5, 86° W (86.15° W),35493," 2320.5R, 2321R, 2331.5R, 2332R"
287,GALAXY 17,G-17, 85° W (85° W),31307," 4197.125H, 4198.875H, 12195H, 11701V"
288,XM-3,XM-RHYTHM, 85° W (85° W),28626," 2337.7, 2338.2, 2333.0, 2341.5 RHCP"
289,SIRIUS XM8,SXM-8, 85° W (85° W),48838," 2323.8 RHCP, 2327.0 RHCP, 2335.7 RHCP, 2338.9 RHCP"
290,STAR ONE D1,"HISPASAT 84W-2, H84W-2", 84° W (84° W),41904," 4198.5H, 4199.0H, 11701.25H, 12198.75V"
291,AMC-18,GE 18, 83° W (83° W),29644," 3700.5H, 4199.5V"
292,NIMIQ 4,, 82° W (82° W),33373,  
293,ARSAT 2,, 81° W (81° W),40941," 3700.25V, 3701.25H, 11701.75, 12198.25"
294,SKY-MEXICO 1,"RB-2, SKYM-1, DIRECTV KU-79W", 79° W (78.8° W),40664," 11704H, 11705H, 11700.75 RHCP, 11702.75 RHCP"
295,QUETZSAT 1,, 77° W (77° W),37826," 12694.5R, 12698.5R, 12692R, 12693R"
296,INTELSAT 16,"IS-16, PAS-11R", 76° W (76° W),36397," 11701.25V, 12198.25H, 12198.75H, 12199.75H"
297,STAR ONE C3,, 75° W (75° W),38991," 4199.0H, 4199.5H, 11700.75H, 12199.50V"
298,SGDC 1,, 75° W (74.86° W),42692," 19160.0, 19163.0"
299,HISPASAT 74W-1,"AMAZONAS 4, AMZ4, AMAZONAS 4A", 74° W (74° W),39616," 12202 RHCP, 12698 RHCP"
300,HORIZONS-2,, 74° W (73.8° W),32388," 11701.5V, 12198H"
301,NIMIQ 5,ECHOSTAR-72W, 73° W (72.7° W),35873,  
302,ASTRA 2C,, 72° W (72.4° W),26853,  
303,AMC-3,"GE 3, EAGLE-1", 72° W (72° W),24936," 3700.5V, 4199.5H, 12198H"
304,ARSAT 1,, 72° W (71.8° W),40272,  
305,STAR ONE C4,"HISPASAT 70W-1, H70W-1", 70° W (70° W),40733," 11700.25H, 12199.05V"
306,VIASAT-2,VS-2, 70° W (69.9° W),42740," 18301R, 18303R"
307,STAR ONE D2,, 70° W (70° W),49055," 4196.5H, 4197.7H, 11701.5H, 12198.5V"
308,SES-10,SIMÓN BOLIVAR 2, 67° W (66.9° W),42432," 11702.5H, 11703.5H, 12196.5V, 12197.5V"
309,SES-17,, 67° W (67° W),49332," 11704.5, 12195.5, 19699.1, 14007"
310,EUTELSAT 65 WEST A,E65WA, 65° W (65° W),41382," 10949.7 LHCP, 11200.3 LHCP"
311,STAR ONE C2,, 65° W (65° W),32768," 4199.0H, 4199.9H, 11700.5V, 12199.3H"
312,TELSTAR 14R,"ESTRELA DO SUL 2, EDS 2", 63° W (63° W),37602," 12198.5V, 12196.5H"
313,TELSTAR 19V,TELSTAR 19 VANTAGE, 63° W (63° W),43562," 11450 H/V/R, 11452 H/V/R"
314,ECHOSTAR 16,ECHOSTAR XVI, 61° W (61.5° W),39008," 12694R, 12695R, 12696.5R, 12697.5R"
315,AMAZONAS 5,AMZ5, 61° W (61.06° W),42934," 12202.25, 11701.00"
316,ECHOSTAR 18,"ECHOSTAR-XVIII, USABSS-41", 61° W (61.35° W),41592," 12695R, 12696R, 12203L, 12204L"
317,AMAZONAS 2,AMZ2, 61° W (61.1° W),35942," 4500.1H, 11703V, 12198.25V"
318,ECHOSTAR 15,, 61° W (61.55° W),36792," 12692R, 12693R, 12694.5R, 12698.5R"
319,AMAZONAS 3,AMZ3, 61° W (61° W),39078, 20200
320,INTELSAT 21,"IS-21, PAS-21", 58° W (58° W),38749," 11451.25V, 11451.75V, 11453.25V, 11453.75V, 11451.25L, 11451.75L, 11453.25L, 11453.75L"
321,INMARSAT GX2,"INMARSAT 5F2, I5-AOR, GX2", 55° W (55° W),40384," 4199V, 4199L,4199.5V, 4199.5L, 19700.5R, 19700.5L, 19702.5R, 19702.5L"
322,INTELSAT 34,"IS-34, HISPASAT 55W-2, H55W-2", 55° W (55.5° W),40874," 3949R, 3949.5R, 3950.5R, 3951R"
323,INMARSAT-3F5,"INMARSAT 3F5, I3F5, IND-W", 54° W (54° W),25153, 3945–3955
324,INTELSAT 23,IS-23, 53° W (53° W),38867," 3947.5 RHCP, 3948.0 RHCP, 3952H, 3952.0 RHCP, 3952.5 RHCP, 11700 RHCP"
325,INTELSAT 902,IS-902, 50° W (50° W),26900," 3947.5RHCP, 3948.0RHCP, 3950.0V, 3952.0RHCP, 3952.5RHCP, 11198RHCP, 11452RHCP"
326,INTELSAT 9,"IS 9, PAS 9, PAS-23", 50° W (50° W),26451," 11699H, 11700.5V, 11702V, 11703V (11451H, 11452H, 11451V, 11452V, 11451R, 11452R)"
327,SES-14,, 47° W (47.5° W),43175," 12198H, 10953V"
328,INTELSAT 14,"IS-14, PAS 14", 45° W (45° W),36097," 3704H, 3705V, 11694V, 11695H"
329,INTELSAT 11,"IS-11, PAS-11", 43° W (43° W),32253," 3700.5H, 4199.5V"
330,INTELSAT 32E,"IS-32E, SKY BRASIL-1, SKY-B1", 43° W (43.15° W),41945," 11443, 11443.5, 11446.5, 11447, 11444.5H"
331,SES-6,, 40° W (40.5° W),39172," 3947.5H, 4500.1V, 11701V, 11700.5 H or V, 12199.5H"
332,NSS-10,"AMC-12, STAR ONE C12, WORLDSAT 2, GE 1I", 37° W (37.5° W),28526," 3703H, 4199.5V"
333,TELSTAR 11N,TELSTAR 11R, 37° W (37.5° W),34111," 11199.25V, 11699.50V, 11198.25H, 11698.50H"
334,HISPASAT 36W-1,"H36W-1, HISPASAT AG1, HAG1, HISPASAT ADVANCED GENERATION 1, HISPASAT 2A", 36° W (35.9° W),41942," 11452, 12749"
335,HYLAS 4,"HYLAS AFRICA, HYLAS 5", 34° W (33.5° W),43272," 4199.25, 4500.75, 19700V"
336,INTELSAT 35E,, 34° W (34.5° W),42818," 4197.75, 4198.25, 4198.75, 4199.25  LHCP/H"
337,INTELSAT 25,"PROTOSTAR 1, PROTOSTAR I, CHINASAT 8, ZHONGXING 8, IS-25", 32° W (31.5° W),33153," 3630V, 4198.5H, 11698H, 12254V"
338,HISPASAT 30W-5,"H30W-5, HISPASAT 1E", 30° W (30° W),37264," 11699, 12747.5"
339,HISPASAT 30W-6,"H30W-6, HISPASAT 1F", 30° W (30° W),43228," 10701.0 RHCP, 11448.0 RHCP"
340,XTAR-LANT,SPAINSAT-1, 30° W (30° W),28945,  
341,INTELSAT 904,IS-904, 29° W (29.7° W),27380," 3947.5RHCP, 3948.0RHCP, 3950.0V, 3952.0RHCP, 3952.5RHCP, 11198RHCP, 11452RHCP"
342,INTELSAT 901 + MEV1,"IS-901, IS-901+MEV-1", 27° W (27.5° W),26824," 3947.5RHCP, 3948.0RHCP, 3950.0V, 3952.0RHCP, 3952.5RHCP, 11198RHCP, 11452RHCP"
343,ALCOMSAT 1,, 25° W (24.8° W),43039,  
344,INTELSAT 905,IS-905, 24° W (24.5° W),27438," 3947.5RHCP, 3948.0RHCP, 3950.0V, 3952.0RHCP, 3952.5RHCP, 11198RHCP, 11452RHCP"
345,SES-4,NSS-14, 22° W (22° W),38087," 4199.75V, 11451.0 RHCP, 11454.0 RHCP, 12500.5 LHCP, 12502.0 LHCP"
346,NSS-7,, 20° W (20° W),27414," 11451, 11454"
347,AL YAH 3,, 20° W (20.1° W),43174," 20198.5 LHCP, 20199.5 LHCP"
348,LUCH,"LOUTCH, OLYMP", 18° W (18.15° W),40258,  
349,SKYNET 5C,, 18° W (17.8° W),33055, 7492.2L
350,INTELSAT 37E,, 18° W (18° W),42950," 4197.75, 4199.25, 4198.25, 4198.75 LHCP/H"
351,LUCH 5B,"LOUTCH-5B, ЛУЧ-5Б", 16° W (16° W),38977,  
352,TELSTAR 12V,TELSTAR 12 VANTAGE, 15° W (15° W),41036," 11700V, 11700H, 11701V, 11701H"
353,EXPRESS-AM8,, 14° W (14° W),40895," 3850 RHCP, 3850.5 LHCP, 11199.5 RHCP"
354,EUTELSAT 12 WEST G,"E12WG, EUTELSAT HOT BIRD 13C, HB13C, HB9, HOT BIRD 9, HOT BIRD 9", 12° W (12.5° W),33459," 12500H, 11703.4H"
355,EXPRESS-AM44,EKSPRESS AM-44, 11° W (11° W),33595," 3800R, 11199.5R"
356,HELLAS SAT 2,"HS-2, HELLAS SAT 2, INTELSAT K-TV, NSS K-TV", 10° W (10° W),27811, 11451.500
357,EUTELSAT 8 WEST B,, 8° W (8° W),40875," 4199V, 11199.5, 11200.5, 12500.5, 12501.0"
358,NILESAT 301,, 7° W (7° W),52817,  
359,NILESAT 201,, 7° W (7° W),36830," 12497, 12499"
360,EUTELSAT 7 WEST A,"E7WA, AB7, ATLANTIC BIRD 7, NILEBIRD, ATLANTIC BIRD 4R, NILESAT 104", 7° W (7° W),37816," 11199.5, 11200.5, 12498.0, 12499.0"
361,EUTELSAT 5 WEST B,E5WB, 5° W (5° W),44624," 12501.0, 12502.0, 11198.8, 11199.8 (LHCP) "
362,AMOS-7,ASIASAT 8, 4° W (4° W),40107," 4198.7 LHCP, 4199.4 LHCP"
363,AMOS-3,AMOS-60, 4° W (4° W),32794," 11449.0, 11700.0"
364,ABS-3A,, 3° W (3° W),40424," 4194.5, 4197"
365,THOR 7,, 1° W (0.8° W),40613," 12494.5 LHCP, 12495.5 LHCP, 20198 RHCP, 11706R"
366,SKYNET 4E,, 1° W (1° W),25639," 7249.995L, 7372.700L, 7397.500L"
367,INTELSAT 10-02 + MEV2,"INTELSAT 1002, INTELSAT ALPHA-2, INTELSAT X-02, IS-1002, MEV 2", 1° W (1° W),28358," 3950V, 3947.5R, 3948R, 3952R, 3952.5R, 11203, 11457, 11452"
368,THOR 5,THOR 2R, 1° W (0.8° W),32487," 11701H, 11702L"
369,THOR 6,"INTELSAT 1W, IS-1W", 1° W (0.8° W),36033," 11703 RHCP (Global), 11704H (KU1), (11705H)"
